value,domain_desc,unit_desc,short_desc,statisticcat_desc,survey_id
70,TOTAL,COLONIES,"HONEY, BEE COLONIES - LOSS, COLONY COLLAPSE DISORDER, MEASURED IN COLONIES","LOSS, COLONY COLLAPSE DISORDER",11320
410,TOTAL,COLONIES,"HONEY, BEE COLONIES - LOSS, COLONY COLLAPSE DISORDER, MEASURED IN COLONIES","LOSS, COLONY COLLAPSE DISORDER",11420
140,TOTAL,COLONIES,"HONEY, BEE COLONIES - LOSS, COLONY COLLAPSE DISORDER, MEASURED IN COLONIES","LOSS, COLONY COLLAPSE DISORDER",11319
180,TOTAL,COLONIES,"HONEY, BEE COLONIES - LOSS, COLONY COLLAPSE DISORDER, MEASURED IN COLONIES","LOSS, COLONY COLLAPSE DISORDER",11519
110,TOTAL,COLONIES,"HONEY, BEE COLONIES - LOSS, COLONY COLLAPSE DISORDER, MEASURED IN COLONIES","LOSS, COLONY COLLAPSE DISORDER",11619
4300,TOTAL,COLONIES,"HONEY, BEE COLONIES - LOSS, COLONY COLLAPSE DISORDER, MEASURED IN COLONIES","LOSS, COLONY COLLAPSE DISORDER",41320
170,TOTAL,COLONIES,"HONEY, BEE COLONIES - LOSS, COLONY COLLAPSE DISORDER, MEASURED IN COLONIES","LOSS, COLONY COLLAPSE DISORDER",41420
1500,TOTAL,COLONIES,"HONEY, BEE COLONIES - LOSS, COLONY COLLAPSE DISORDER, MEASURED IN COLONIES","LOSS, COLONY COLLAPSE DISORDER",41319
770,TOTAL,COLONIES,"HONEY, BEE COLONIES - LOSS, COLONY COLLAPSE DISORDER, MEASURED IN COLONIES","LOSS, COLONY COLLAPSE DISORDER",41519
3400,TOTAL,COLONIES,"HONEY, BEE COLONIES - LOSS, COLONY COLLAPSE DISORDER, MEASURED IN COLONIES","LOSS, COLONY COLLAPSE DISORDER",41619
390,TOTAL,COLONIES,"HONEY, BEE COLONIES - LOSS, COLONY COLLAPSE DISORDER, MEASURED IN COLONIES","LOSS, COLONY COLLAPSE DISORDER",51320
900,TOTAL,COLONIES,"HONEY, BEE COLONIES - LOSS, COLONY COLLAPSE DISORDER, MEASURED IN COLONIES","LOSS, COLONY COLLAPSE DISORDER",51420
320,TOTAL,COLONIES,"HONEY, BEE COLONIES - LOSS, COLONY COLLAPSE DISORDER, MEASURED IN COLONIES","LOSS, COLONY COLLAPSE DISORDER",51319
990,TOTAL,COLONIES,"HONEY, BEE COLONIES - LOSS, COLONY COLLAPSE DISORDER, MEASURED IN COLONIES","LOSS, COLONY COLLAPSE DISORDER",51519
560,TOTAL,COLONIES,"HONEY, BEE COLONIES - LOSS, COLONY COLLAPSE DISORDER, MEASURED IN COLONIES","LOSS, COLONY COLLAPSE DISORDER",51619
19000,TOTAL,COLONIES,"HONEY, BEE COLONIES - LOSS, COLONY COLLAPSE DISORDER, MEASURED IN COLONIES","LOSS, COLONY COLLAPSE DISORDER",61320
3200,TOTAL,COLONIES,"HONEY, BEE COLONIES - LOSS, COLONY COLLAPSE DISORDER, MEASURED IN COLONIES","LOSS, COLONY COLLAPSE DISORDER",61420
14000,TOTAL,COLONIES,"HONEY, BEE COLONIES - LOSS, COLONY COLLAPSE DISORDER, MEASURED IN COLONIES","LOSS, COLONY COLLAPSE DISORDER",61319
12000,TOTAL,COLONIES,"HONEY, BEE COLONIES - LOSS, COLONY COLLAPSE DISORDER, MEASURED IN COLONIES","LOSS, COLONY COLLAPSE DISORDER",61519
18500,TOTAL,COLONIES,"HONEY, BEE COLONIES - LOSS, COLONY COLLAPSE DISORDER, MEASURED IN COLONIES","LOSS, COLONY COLLAPSE DISORDER",61619
620,TOTAL,COLONIES,"HONEY, BEE COLONIES - LOSS, COLONY COLLAPSE DISORDER, MEASURED IN COLONIES","LOSS, COLONY COLLAPSE DISORDER",81320
310,TOTAL,COLONIES,"HONEY, BEE COLONIES - LOSS, COLONY COLLAPSE DISORDER, MEASURED IN COLONIES","LOSS, COLONY COLLAPSE DISORDER",81420
1500,TOTAL,COLONIES,"HONEY, BEE COLONIES - LOSS, COLONY COLLAPSE DISORDER, MEASURED IN COLONIES","LOSS, COLONY COLLAPSE DISORDER",81319
1700,TOTAL,COLONIES,"HONEY, BEE COLONIES - LOSS, COLONY COLLAPSE DISORDER, MEASURED IN COLONIES","LOSS, COLONY COLLAPSE DISORDER",81519
1400,TOTAL,COLONIES,"HONEY, BEE COLONIES - LOSS, COLONY COLLAPSE DISORDER, MEASURED IN COLONIES","LOSS, COLONY COLLAPSE DISORDER",81619
10,TOTAL,COLONIES,"HONEY, BEE COLONIES - LOSS, COLONY COLLAPSE DISORDER, MEASURED IN COLONIES","LOSS, COLONY COLLAPSE DISORDER",91320
0,TOTAL,COLONIES,"HONEY, BEE COLONIES - LOSS, COLONY COLLAPSE DISORDER, MEASURED IN COLONIES","LOSS, COLONY COLLAPSE DISORDER",91420
90,TOTAL,COLONIES,"HONEY, BEE COLONIES - LOSS, COLONY COLLAPSE DISORDER, MEASURED IN COLONIES","LOSS, COLONY COLLAPSE DISORDER",91319
20,TOTAL,COLONIES,"HONEY, BEE COLONIES - LOSS, COLONY COLLAPSE DISORDER, MEASURED IN COLONIES","LOSS, COLONY COLLAPSE DISORDER",91519
10,TOTAL,COLONIES,"HONEY, BEE COLONIES - LOSS, COLONY COLLAPSE DISORDER, MEASURED IN COLONIES","LOSS, COLONY COLLAPSE DISORDER",91619
11500,TOTAL,COLONIES,"HONEY, BEE COLONIES - LOSS, COLONY COLLAPSE DISORDER, MEASURED IN COLONIES","LOSS, COLONY COLLAPSE DISORDER",121320
19500,TOTAL,COLONIES,"HONEY, BEE COLONIES - LOSS, COLONY COLLAPSE DISORDER, MEASURED IN COLONIES","LOSS, COLONY COLLAPSE DISORDER",121420
3900,TOTAL,COLONIES,"HONEY, BEE COLONIES - LOSS, COLONY COLLAPSE DISORDER, MEASURED IN COLONIES","LOSS, COLONY COLLAPSE DISORDER",121319
6000,TOTAL,COLONIES,"HONEY, BEE COLONIES - LOSS, COLONY COLLAPSE DISORDER, MEASURED IN COLONIES","LOSS, COLONY COLLAPSE DISORDER",121519
10000,TOTAL,COLONIES,"HONEY, BEE COLONIES - LOSS, COLONY COLLAPSE DISORDER, MEASURED IN COLONIES","LOSS, COLONY COLLAPSE DISORDER",121619
8500,TOTAL,COLONIES,"HONEY, BEE COLONIES - LOSS, COLONY COLLAPSE DISORDER, MEASURED IN COLONIES","LOSS, COLONY COLLAPSE DISORDER",131320
3300,TOTAL,COLONIES,"HONEY, BEE COLONIES - LOSS, COLONY COLLAPSE DISORDER, MEASURED IN COLONIES","LOSS, COLONY COLLAPSE DISORDER",131420
2300,TOTAL,COLONIES,"HONEY, BEE COLONIES - LOSS, COLONY COLLAPSE DISORDER, MEASURED IN COLONIES","LOSS, COLONY COLLAPSE DISORDER",131319
8500,TOTAL,COLONIES,"HONEY, BEE COLONIES - LOSS, COLONY COLLAPSE DISORDER, MEASURED IN COLONIES","LOSS, COLONY COLLAPSE DISORDER",131519
11000,TOTAL,COLONIES,"HONEY, BEE COLONIES - LOSS, COLONY COLLAPSE DISORDER, MEASURED IN COLONIES","LOSS, COLONY COLLAPSE DISORDER",131619
260,TOTAL,COLONIES,"HONEY, BEE COLONIES - LOSS, COLONY COLLAPSE DISORDER, MEASURED IN COLONIES","LOSS, COLONY COLLAPSE DISORDER",151320
0,TOTAL,COLONIES,"HONEY, BEE COLONIES - LOSS, COLONY COLLAPSE DISORDER, MEASURED IN COLONIES","LOSS, COLONY COLLAPSE DISORDER",151420
80,TOTAL,COLONIES,"HONEY, BEE COLONIES - LOSS, COLONY COLLAPSE DISORDER, MEASURED IN COLONIES","LOSS, COLONY COLLAPSE DISORDER",151319
0,TOTAL,COLONIES,"HONEY, BEE COLONIES - LOSS, COLONY COLLAPSE DISORDER, MEASURED IN COLONIES","LOSS, COLONY COLLAPSE DISORDER",151519
60,TOTAL,COLONIES,"HONEY, BEE COLONIES - LOSS, COLONY COLLAPSE DISORDER, MEASURED IN COLONIES","LOSS, COLONY COLLAPSE DISORDER",151619
5500,TOTAL,COLONIES,"HONEY, BEE COLONIES - LOSS, COLONY COLLAPSE DISORDER, MEASURED IN COLONIES","LOSS, COLONY COLLAPSE DISORDER",161320
2400,TOTAL,COLONIES,"HONEY, BEE COLONIES - LOSS, COLONY COLLAPSE DISORDER, MEASURED IN COLONIES","LOSS, COLONY COLLAPSE DISORDER",161420
3700,TOTAL,COLONIES,"HONEY, BEE COLONIES - LOSS, COLONY COLLAPSE DISORDER, MEASURED IN COLONIES","LOSS, COLONY COLLAPSE DISORDER",161319
1100,TOTAL,COLONIES,"HONEY, BEE COLONIES - LOSS, COLONY COLLAPSE DISORDER, MEASURED IN COLONIES","LOSS, COLONY COLLAPSE DISORDER",161519
3300,TOTAL,COLONIES,"HONEY, BEE COLONIES - LOSS, COLONY COLLAPSE DISORDER, MEASURED IN COLONIES","LOSS, COLONY COLLAPSE DISORDER",161619
520,TOTAL,COLONIES,"HONEY, BEE COLONIES - LOSS, COLONY COLLAPSE DISORDER, MEASURED IN COLONIES","LOSS, COLONY COLLAPSE DISORDER",171320
190,TOTAL,COLONIES,"HONEY, BEE COLONIES - LOSS, COLONY COLLAPSE DISORDER, MEASURED IN COLONIES","LOSS, COLONY COLLAPSE DISORDER",171420
530,TOTAL,COLONIES,"HONEY, BEE COLONIES - LOSS, COLONY COLLAPSE DISORDER, MEASURED IN COLONIES","LOSS, COLONY COLLAPSE DISORDER",171319
100,TOTAL,COLONIES,"HONEY, BEE COLONIES - LOSS, COLONY COLLAPSE DISORDER, MEASURED IN COLONIES","LOSS, COLONY COLLAPSE DISORDER",171519
380,TOTAL,COLONIES,"HONEY, BEE COLONIES - LOSS, COLONY COLLAPSE DISORDER, MEASURED IN COLONIES","LOSS, COLONY COLLAPSE DISORDER",171619
210,TOTAL,COLONIES,"HONEY, BEE COLONIES - LOSS, COLONY COLLAPSE DISORDER, MEASURED IN COLONIES","LOSS, COLONY COLLAPSE DISORDER",181320
30,TOTAL,COLONIES,"HONEY, BEE COLONIES - LOSS, COLONY COLLAPSE DISORDER, MEASURED IN COLONIES","LOSS, COLONY COLLAPSE DISORDER",181420
150,TOTAL,COLONIES,"HONEY, BEE COLONIES - LOSS, COLONY COLLAPSE DISORDER, MEASURED IN COLONIES","LOSS, COLONY COLLAPSE DISORDER",181319
90,TOTAL,COLONIES,"HONEY, BEE COLONIES - LOSS, COLONY COLLAPSE DISORDER, MEASURED IN COLONIES","LOSS, COLONY COLLAPSE DISORDER",181519
370,TOTAL,COLONIES,"HONEY, BEE COLONIES - LOSS, COLONY COLLAPSE DISORDER, MEASURED IN COLONIES","LOSS, COLONY COLLAPSE DISORDER",181619
620,TOTAL,COLONIES,"HONEY, BEE COLONIES - LOSS, COLONY COLLAPSE DISORDER, MEASURED IN COLONIES","LOSS, COLONY COLLAPSE DISORDER",191320
440,TOTAL,COLONIES,"HONEY, BEE COLONIES - LOSS, COLONY COLLAPSE DISORDER, MEASURED IN COLONIES","LOSS, COLONY COLLAPSE DISORDER",191420
270,TOTAL,COLONIES,"HONEY, BEE COLONIES - LOSS, COLONY COLLAPSE DISORDER, MEASURED IN COLONIES","LOSS, COLONY COLLAPSE DISORDER",191319
250,TOTAL,COLONIES,"HONEY, BEE COLONIES - LOSS, COLONY COLLAPSE DISORDER, MEASURED IN COLONIES","LOSS, COLONY COLLAPSE DISORDER",191519
1600,TOTAL,COLONIES,"HONEY, BEE COLONIES - LOSS, COLONY COLLAPSE DISORDER, MEASURED IN COLONIES","LOSS, COLONY COLLAPSE DISORDER",191619
700,TOTAL,COLONIES,"HONEY, BEE COLONIES - LOSS, COLONY COLLAPSE DISORDER, MEASURED IN COLONIES","LOSS, COLONY COLLAPSE DISORDER",201320
270,TOTAL,COLONIES,"HONEY, BEE COLONIES - LOSS, COLONY COLLAPSE DISORDER, MEASURED IN COLONIES","LOSS, COLONY COLLAPSE DISORDER",201420
430,TOTAL,COLONIES,"HONEY, BEE COLONIES - LOSS, COLONY COLLAPSE DISORDER, MEASURED IN COLONIES","LOSS, COLONY COLLAPSE DISORDER",201319
310,TOTAL,COLONIES,"HONEY, BEE COLONIES - LOSS, COLONY COLLAPSE DISORDER, MEASURED IN COLONIES","LOSS, COLONY COLLAPSE DISORDER",201519
130,TOTAL,COLONIES,"HONEY, BEE COLONIES - LOSS, COLONY COLLAPSE DISORDER, MEASURED IN COLONIES","LOSS, COLONY COLLAPSE DISORDER",201619
140,TOTAL,COLONIES,"HONEY, BEE COLONIES - LOSS, COLONY COLLAPSE DISORDER, MEASURED IN COLONIES","LOSS, COLONY COLLAPSE DISORDER",211320
120,TOTAL,COLONIES,"HONEY, BEE COLONIES - LOSS, COLONY COLLAPSE DISORDER, MEASURED IN COLONIES","LOSS, COLONY COLLAPSE DISORDER",211420
70,TOTAL,COLONIES,"HONEY, BEE COLONIES - LOSS, COLONY COLLAPSE DISORDER, MEASURED IN COLONIES","LOSS, COLONY COLLAPSE DISORDER",211319
200,TOTAL,COLONIES,"HONEY, BEE COLONIES - LOSS, COLONY COLLAPSE DISORDER, MEASURED IN COLONIES","LOSS, COLONY COLLAPSE DISORDER",211519
110,TOTAL,COLONIES,"HONEY, BEE COLONIES - LOSS, COLONY COLLAPSE DISORDER, MEASURED IN COLONIES","LOSS, COLONY COLLAPSE DISORDER",211619
640,TOTAL,COLONIES,"HONEY, BEE COLONIES - LOSS, COLONY COLLAPSE DISORDER, MEASURED IN COLONIES","LOSS, COLONY COLLAPSE DISORDER",221320
650,TOTAL,COLONIES,"HONEY, BEE COLONIES - LOSS, COLONY COLLAPSE DISORDER, MEASURED IN COLONIES","LOSS, COLONY COLLAPSE DISORDER",221420
550,TOTAL,COLONIES,"HONEY, BEE COLONIES - LOSS, COLONY COLLAPSE DISORDER, MEASURED IN COLONIES","LOSS, COLONY COLLAPSE DISORDER",221319
910,TOTAL,COLONIES,"HONEY, BEE COLONIES - LOSS, COLONY COLLAPSE DISORDER, MEASURED IN COLONIES","LOSS, COLONY COLLAPSE DISORDER",221519
810,TOTAL,COLONIES,"HONEY, BEE COLONIES - LOSS, COLONY COLLAPSE DISORDER, MEASURED IN COLONIES","LOSS, COLONY COLLAPSE DISORDER",221619
60,TOTAL,COLONIES,"HONEY, BEE COLONIES - LOSS, COLONY COLLAPSE DISORDER, MEASURED IN COLONIES","LOSS, COLONY COLLAPSE DISORDER",231320
0,TOTAL,COLONIES,"HONEY, BEE COLONIES - LOSS, COLONY COLLAPSE DISORDER, MEASURED IN COLONIES","LOSS, COLONY COLLAPSE DISORDER",231420
10,TOTAL,COLONIES,"HONEY, BEE COLONIES - LOSS, COLONY COLLAPSE DISORDER, MEASURED IN COLONIES","LOSS, COLONY COLLAPSE DISORDER",231319
10,TOTAL,COLONIES,"HONEY, BEE COLONIES - LOSS, COLONY COLLAPSE DISORDER, MEASURED IN COLONIES","LOSS, COLONY COLLAPSE DISORDER",231519
100,TOTAL,COLONIES,"HONEY, BEE COLONIES - LOSS, COLONY COLLAPSE DISORDER, MEASURED IN COLONIES","LOSS, COLONY COLLAPSE DISORDER",231619
380,TOTAL,COLONIES,"HONEY, BEE COLONIES - LOSS, COLONY COLLAPSE DISORDER, MEASURED IN COLONIES","LOSS, COLONY COLLAPSE DISORDER",241320
0,TOTAL,COLONIES,"HONEY, BEE COLONIES - LOSS, COLONY COLLAPSE DISORDER, MEASURED IN COLONIES","LOSS, COLONY COLLAPSE DISORDER",241420
50,TOTAL,COLONIES,"HONEY, BEE COLONIES - LOSS, COLONY COLLAPSE DISORDER, MEASURED IN COLONIES","LOSS, COLONY COLLAPSE DISORDER",241319
50,TOTAL,COLONIES,"HONEY, BEE COLONIES - LOSS, COLONY COLLAPSE DISORDER, MEASURED IN COLONIES","LOSS, COLONY COLLAPSE DISORDER",241519
260,TOTAL,COLONIES,"HONEY, BEE COLONIES - LOSS, COLONY COLLAPSE DISORDER, MEASURED IN COLONIES","LOSS, COLONY COLLAPSE DISORDER",241619
150,TOTAL,COLONIES,"HONEY, BEE COLONIES - LOSS, COLONY COLLAPSE DISORDER, MEASURED IN COLONIES","LOSS, COLONY COLLAPSE DISORDER",251320
50,TOTAL,COLONIES,"HONEY, BEE COLONIES - LOSS, COLONY COLLAPSE DISORDER, MEASURED IN COLONIES","LOSS, COLONY COLLAPSE DISORDER",251420
50,TOTAL,COLONIES,"HONEY, BEE COLONIES - LOSS, COLONY COLLAPSE DISORDER, MEASURED IN COLONIES","LOSS, COLONY COLLAPSE DISORDER",251319
170,TOTAL,COLONIES,"HONEY, BEE COLONIES - LOSS, COLONY COLLAPSE DISORDER, MEASURED IN COLONIES","LOSS, COLONY COLLAPSE DISORDER",251519
410,TOTAL,COLONIES,"HONEY, BEE COLONIES - LOSS, COLONY COLLAPSE DISORDER, MEASURED IN COLONIES","LOSS, COLONY COLLAPSE DISORDER",251619
1400,TOTAL,COLONIES,"HONEY, BEE COLONIES - LOSS, COLONY COLLAPSE DISORDER, MEASURED IN COLONIES","LOSS, COLONY COLLAPSE DISORDER",261320
420,TOTAL,COLONIES,"HONEY, BEE COLONIES - LOSS, COLONY COLLAPSE DISORDER, MEASURED IN COLONIES","LOSS, COLONY COLLAPSE DISORDER",261420
3300,TOTAL,COLONIES,"HONEY, BEE COLONIES - LOSS, COLONY COLLAPSE DISORDER, MEASURED IN COLONIES","LOSS, COLONY COLLAPSE DISORDER",261319
1800,TOTAL,COLONIES,"HONEY, BEE COLONIES - LOSS, COLONY COLLAPSE DISORDER, MEASURED IN COLONIES","LOSS, COLONY COLLAPSE DISORDER",261519
2600,TOTAL,COLONIES,"HONEY, BEE COLONIES - LOSS, COLONY COLLAPSE DISORDER, MEASURED IN COLONIES","LOSS, COLONY COLLAPSE DISORDER",261619
6500,TOTAL,COLONIES,"HONEY, BEE COLONIES - LOSS, COLONY COLLAPSE DISORDER, MEASURED IN COLONIES","LOSS, COLONY COLLAPSE DISORDER",271320
870,TOTAL,COLONIES,"HONEY, BEE COLONIES - LOSS, COLONY COLLAPSE DISORDER, MEASURED IN COLONIES","LOSS, COLONY COLLAPSE DISORDER",271420
1900,TOTAL,COLONIES,"HONEY, BEE COLONIES - LOSS, COLONY COLLAPSE DISORDER, MEASURED IN COLONIES","LOSS, COLONY COLLAPSE DISORDER",271319
2400,TOTAL,COLONIES,"HONEY, BEE COLONIES - LOSS, COLONY COLLAPSE DISORDER, MEASURED IN COLONIES","LOSS, COLONY COLLAPSE DISORDER",271519
1300,TOTAL,COLONIES,"HONEY, BEE COLONIES - LOSS, COLONY COLLAPSE DISORDER, MEASURED IN COLONIES","LOSS, COLONY COLLAPSE DISORDER",271619
800,TOTAL,COLONIES,"HONEY, BEE COLONIES - LOSS, COLONY COLLAPSE DISORDER, MEASURED IN COLONIES","LOSS, COLONY COLLAPSE DISORDER",281320
260,TOTAL,COLONIES,"HONEY, BEE COLONIES - LOSS, COLONY COLLAPSE DISORDER, MEASURED IN COLONIES","LOSS, COLONY COLLAPSE DISORDER",281420
160,TOTAL,COLONIES,"HONEY, BEE COLONIES - LOSS, COLONY COLLAPSE DISORDER, MEASURED IN COLONIES","LOSS, COLONY COLLAPSE DISORDER",281319
610,TOTAL,COLONIES,"HONEY, BEE COLONIES - LOSS, COLONY COLLAPSE DISORDER, MEASURED IN COLONIES","LOSS, COLONY COLLAPSE DISORDER",281519
470,TOTAL,COLONIES,"HONEY, BEE COLONIES - LOSS, COLONY COLLAPSE DISORDER, MEASURED IN COLONIES","LOSS, COLONY COLLAPSE DISORDER",281619
160,TOTAL,COLONIES,"HONEY, BEE COLONIES - LOSS, COLONY COLLAPSE DISORDER, MEASURED IN COLONIES","LOSS, COLONY COLLAPSE DISORDER",291320
200,TOTAL,COLONIES,"HONEY, BEE COLONIES - LOSS, COLONY COLLAPSE DISORDER, MEASURED IN COLONIES","LOSS, COLONY COLLAPSE DISORDER",291420
340,TOTAL,COLONIES,"HONEY, BEE COLONIES - LOSS, COLONY COLLAPSE DISORDER, MEASURED IN COLONIES","LOSS, COLONY COLLAPSE DISORDER",291319
20,TOTAL,COLONIES,"HONEY, BEE COLONIES - LOSS, COLONY COLLAPSE DISORDER, MEASURED IN COLONIES","LOSS, COLONY COLLAPSE DISORDER",291519
170,TOTAL,COLONIES,"HONEY, BEE COLONIES - LOSS, COLONY COLLAPSE DISORDER, MEASURED IN COLONIES","LOSS, COLONY COLLAPSE DISORDER",291619
4500,TOTAL,COLONIES,"HONEY, BEE COLONIES - LOSS, COLONY COLLAPSE DISORDER, MEASURED IN COLONIES","LOSS, COLONY COLLAPSE DISORDER",301320
1500,TOTAL,COLONIES,"HONEY, BEE COLONIES - LOSS, COLONY COLLAPSE DISORDER, MEASURED IN COLONIES","LOSS, COLONY COLLAPSE DISORDER",301420
620,TOTAL,COLONIES,"HONEY, BEE COLONIES - LOSS, COLONY COLLAPSE DISORDER, MEASURED IN COLONIES","LOSS, COLONY COLLAPSE DISORDER",301319
1200,TOTAL,COLONIES,"HONEY, BEE COLONIES - LOSS, COLONY COLLAPSE DISORDER, MEASURED IN COLONIES","LOSS, COLONY COLLAPSE DISORDER",301519
1100,TOTAL,COLONIES,"HONEY, BEE COLONIES - LOSS, COLONY COLLAPSE DISORDER, MEASURED IN COLONIES","LOSS, COLONY COLLAPSE DISORDER",301619
1500,TOTAL,COLONIES,"HONEY, BEE COLONIES - LOSS, COLONY COLLAPSE DISORDER, MEASURED IN COLONIES","LOSS, COLONY COLLAPSE DISORDER",311320
700,TOTAL,COLONIES,"HONEY, BEE COLONIES - LOSS, COLONY COLLAPSE DISORDER, MEASURED IN COLONIES","LOSS, COLONY COLLAPSE DISORDER",311420
1500,TOTAL,COLONIES,"HONEY, BEE COLONIES - LOSS, COLONY COLLAPSE DISORDER, MEASURED IN COLONIES","LOSS, COLONY COLLAPSE DISORDER",311319
540,TOTAL,COLONIES,"HONEY, BEE COLONIES - LOSS, COLONY COLLAPSE DISORDER, MEASURED IN COLONIES","LOSS, COLONY COLLAPSE DISORDER",311519
570,TOTAL,COLONIES,"HONEY, BEE COLONIES - LOSS, COLONY COLLAPSE DISORDER, MEASURED IN COLONIES","LOSS, COLONY COLLAPSE DISORDER",311619
60,TOTAL,COLONIES,"HONEY, BEE COLONIES - LOSS, COLONY COLLAPSE DISORDER, MEASURED IN COLONIES","LOSS, COLONY COLLAPSE DISORDER",341320
10,TOTAL,COLONIES,"HONEY, BEE COLONIES - LOSS, COLONY COLLAPSE DISORDER, MEASURED IN COLONIES","LOSS, COLONY COLLAPSE DISORDER",341420
0,TOTAL,COLONIES,"HONEY, BEE COLONIES - LOSS, COLONY COLLAPSE DISORDER, MEASURED IN COLONIES","LOSS, COLONY COLLAPSE DISORDER",341319
240,TOTAL,COLONIES,"HONEY, BEE COLONIES - LOSS, COLONY COLLAPSE DISORDER, MEASURED IN COLONIES","LOSS, COLONY COLLAPSE DISORDER",341519
60,TOTAL,COLONIES,"HONEY, BEE COLONIES - LOSS, COLONY COLLAPSE DISORDER, MEASURED IN COLONIES","LOSS, COLONY COLLAPSE DISORDER",341619
0,TOTAL,COLONIES,"HONEY, BEE COLONIES - LOSS, COLONY COLLAPSE DISORDER, MEASURED IN COLONIES","LOSS, COLONY COLLAPSE DISORDER",351320
0,TOTAL,COLONIES,"HONEY, BEE COLONIES - LOSS, COLONY COLLAPSE DISORDER, MEASURED IN COLONIES","LOSS, COLONY COLLAPSE DISORDER",351420
0,TOTAL,COLONIES,"HONEY, BEE COLONIES - LOSS, COLONY COLLAPSE DISORDER, MEASURED IN COLONIES","LOSS, COLONY COLLAPSE DISORDER",351319
70,TOTAL,COLONIES,"HONEY, BEE COLONIES - LOSS, COLONY COLLAPSE DISORDER, MEASURED IN COLONIES","LOSS, COLONY COLLAPSE DISORDER",351519
10,TOTAL,COLONIES,"HONEY, BEE COLONIES - LOSS, COLONY COLLAPSE DISORDER, MEASURED IN COLONIES","LOSS, COLONY COLLAPSE DISORDER",351619
940,TOTAL,COLONIES,"HONEY, BEE COLONIES - LOSS, COLONY COLLAPSE DISORDER, MEASURED IN COLONIES","LOSS, COLONY COLLAPSE DISORDER",361320
20,TOTAL,COLONIES,"HONEY, BEE COLONIES - LOSS, COLONY COLLAPSE DISORDER, MEASURED IN COLONIES","LOSS, COLONY COLLAPSE DISORDER",361420
750,TOTAL,COLONIES,"HONEY, BEE COLONIES - LOSS, COLONY COLLAPSE DISORDER, MEASURED IN COLONIES","LOSS, COLONY COLLAPSE DISORDER",361319
3200,TOTAL,COLONIES,"HONEY, BEE COLONIES - LOSS, COLONY COLLAPSE DISORDER, MEASURED IN COLONIES","LOSS, COLONY COLLAPSE DISORDER",361519
960,TOTAL,COLONIES,"HONEY, BEE COLONIES - LOSS, COLONY COLLAPSE DISORDER, MEASURED IN COLONIES","LOSS, COLONY COLLAPSE DISORDER",361619
1900,TOTAL,COLONIES,"HONEY, BEE COLONIES - LOSS, COLONY COLLAPSE DISORDER, MEASURED IN COLONIES","LOSS, COLONY COLLAPSE DISORDER",371320
290,TOTAL,COLONIES,"HONEY, BEE COLONIES - LOSS, COLONY COLLAPSE DISORDER, MEASURED IN COLONIES","LOSS, COLONY COLLAPSE DISORDER",371420
350,TOTAL,COLONIES,"HONEY, BEE COLONIES - LOSS, COLONY COLLAPSE DISORDER, MEASURED IN COLONIES","LOSS, COLONY COLLAPSE DISORDER",371319
300,TOTAL,COLONIES,"HONEY, BEE COLONIES - LOSS, COLONY COLLAPSE DISORDER, MEASURED IN COLONIES","LOSS, COLONY COLLAPSE DISORDER",371519
360,TOTAL,COLONIES,"HONEY, BEE COLONIES - LOSS, COLONY COLLAPSE DISORDER, MEASURED IN COLONIES","LOSS, COLONY COLLAPSE DISORDER",371619
11500,TOTAL,COLONIES,"HONEY, BEE COLONIES - LOSS, COLONY COLLAPSE DISORDER, MEASURED IN COLONIES","LOSS, COLONY COLLAPSE DISORDER",381320
9000,TOTAL,COLONIES,"HONEY, BEE COLONIES - LOSS, COLONY COLLAPSE DISORDER, MEASURED IN COLONIES","LOSS, COLONY COLLAPSE DISORDER",381420
1600,TOTAL,COLONIES,"HONEY, BEE COLONIES - LOSS, COLONY COLLAPSE DISORDER, MEASURED IN COLONIES","LOSS, COLONY COLLAPSE DISORDER",381319
7000,TOTAL,COLONIES,"HONEY, BEE COLONIES - LOSS, COLONY COLLAPSE DISORDER, MEASURED IN COLONIES","LOSS, COLONY COLLAPSE DISORDER",381519
1900,TOTAL,COLONIES,"HONEY, BEE COLONIES - LOSS, COLONY COLLAPSE DISORDER, MEASURED IN COLONIES","LOSS, COLONY COLLAPSE DISORDER",381619
3900,TOTAL,COLONIES,"HONEY, BEE COLONIES - LOSS, COLONY COLLAPSE DISORDER, MEASURED IN COLONIES","LOSS, COLONY COLLAPSE DISORDER",391320
130,TOTAL,COLONIES,"HONEY, BEE COLONIES - LOSS, COLONY COLLAPSE DISORDER, MEASURED IN COLONIES","LOSS, COLONY COLLAPSE DISORDER",391420
1500,TOTAL,COLONIES,"HONEY, BEE COLONIES - LOSS, COLONY COLLAPSE DISORDER, MEASURED IN COLONIES","LOSS, COLONY COLLAPSE DISORDER",391319
220,TOTAL,COLONIES,"HONEY, BEE COLONIES - LOSS, COLONY COLLAPSE DISORDER, MEASURED IN COLONIES","LOSS, COLONY COLLAPSE DISORDER",391519
980,TOTAL,COLONIES,"HONEY, BEE COLONIES - LOSS, COLONY COLLAPSE DISORDER, MEASURED IN COLONIES","LOSS, COLONY COLLAPSE DISORDER",391619
60,TOTAL,COLONIES,"HONEY, BEE COLONIES - LOSS, COLONY COLLAPSE DISORDER, MEASURED IN COLONIES","LOSS, COLONY COLLAPSE DISORDER",401320
40,TOTAL,COLONIES,"HONEY, BEE COLONIES - LOSS, COLONY COLLAPSE DISORDER, MEASURED IN COLONIES","LOSS, COLONY COLLAPSE DISORDER",401420
10,TOTAL,COLONIES,"HONEY, BEE COLONIES - LOSS, COLONY COLLAPSE DISORDER, MEASURED IN COLONIES","LOSS, COLONY COLLAPSE DISORDER",401319
20,TOTAL,COLONIES,"HONEY, BEE COLONIES - LOSS, COLONY COLLAPSE DISORDER, MEASURED IN COLONIES","LOSS, COLONY COLLAPSE DISORDER",401519
160,TOTAL,COLONIES,"HONEY, BEE COLONIES - LOSS, COLONY COLLAPSE DISORDER, MEASURED IN COLONIES","LOSS, COLONY COLLAPSE DISORDER",401619
950,TOTAL,COLONIES,"HONEY, BEE COLONIES - LOSS, COLONY COLLAPSE DISORDER, MEASURED IN COLONIES","LOSS, COLONY COLLAPSE DISORDER",411320
1500,TOTAL,COLONIES,"HONEY, BEE COLONIES - LOSS, COLONY COLLAPSE DISORDER, MEASURED IN COLONIES","LOSS, COLONY COLLAPSE DISORDER",411420
2300,TOTAL,COLONIES,"HONEY, BEE COLONIES - LOSS, COLONY COLLAPSE DISORDER, MEASURED IN COLONIES","LOSS, COLONY COLLAPSE DISORDER",411319
470,TOTAL,COLONIES,"HONEY, BEE COLONIES - LOSS, COLONY COLLAPSE DISORDER, MEASURED IN COLONIES","LOSS, COLONY COLLAPSE DISORDER",411519
2600,TOTAL,COLONIES,"HONEY, BEE COLONIES - LOSS, COLONY COLLAPSE DISORDER, MEASURED IN COLONIES","LOSS, COLONY COLLAPSE DISORDER",411619
430,TOTAL,COLONIES,"HONEY, BEE COLONIES - LOSS, COLONY COLLAPSE DISORDER, MEASURED IN COLONIES","LOSS, COLONY COLLAPSE DISORDER",421320
140,TOTAL,COLONIES,"HONEY, BEE COLONIES - LOSS, COLONY COLLAPSE DISORDER, MEASURED IN COLONIES","LOSS, COLONY COLLAPSE DISORDER",421420
1200,TOTAL,COLONIES,"HONEY, BEE COLONIES - LOSS, COLONY COLLAPSE DISORDER, MEASURED IN COLONIES","LOSS, COLONY COLLAPSE DISORDER",421319
130,TOTAL,COLONIES,"HONEY, BEE COLONIES - LOSS, COLONY COLLAPSE DISORDER, MEASURED IN COLONIES","LOSS, COLONY COLLAPSE DISORDER",421519
390,TOTAL,COLONIES,"HONEY, BEE COLONIES - LOSS, COLONY COLLAPSE DISORDER, MEASURED IN COLONIES","LOSS, COLONY COLLAPSE DISORDER",421619
160,TOTAL,COLONIES,"HONEY, BEE COLONIES - LOSS, COLONY COLLAPSE DISORDER, MEASURED IN COLONIES","LOSS, COLONY COLLAPSE DISORDER",451320
310,TOTAL,COLONIES,"HONEY, BEE COLONIES - LOSS, COLONY COLLAPSE DISORDER, MEASURED IN COLONIES","LOSS, COLONY COLLAPSE DISORDER",451420
110,TOTAL,COLONIES,"HONEY, BEE COLONIES - LOSS, COLONY COLLAPSE DISORDER, MEASURED IN COLONIES","LOSS, COLONY COLLAPSE DISORDER",451319
80,TOTAL,COLONIES,"HONEY, BEE COLONIES - LOSS, COLONY COLLAPSE DISORDER, MEASURED IN COLONIES","LOSS, COLONY COLLAPSE DISORDER",451519
100,TOTAL,COLONIES,"HONEY, BEE COLONIES - LOSS, COLONY COLLAPSE DISORDER, MEASURED IN COLONIES","LOSS, COLONY COLLAPSE DISORDER",451619
1100,TOTAL,COLONIES,"HONEY, BEE COLONIES - LOSS, COLONY COLLAPSE DISORDER, MEASURED IN COLONIES","LOSS, COLONY COLLAPSE DISORDER",461320
2800,TOTAL,COLONIES,"HONEY, BEE COLONIES - LOSS, COLONY COLLAPSE DISORDER, MEASURED IN COLONIES","LOSS, COLONY COLLAPSE DISORDER",461420
2400,TOTAL,COLONIES,"HONEY, BEE COLONIES - LOSS, COLONY COLLAPSE DISORDER, MEASURED IN COLONIES","LOSS, COLONY COLLAPSE DISORDER",461319
1200,TOTAL,COLONIES,"HONEY, BEE COLONIES - LOSS, COLONY COLLAPSE DISORDER, MEASURED IN COLONIES","LOSS, COLONY COLLAPSE DISORDER",461519
1300,TOTAL,COLONIES,"HONEY, BEE COLONIES - LOSS, COLONY COLLAPSE DISORDER, MEASURED IN COLONIES","LOSS, COLONY COLLAPSE DISORDER",461619
410,TOTAL,COLONIES,"HONEY, BEE COLONIES - LOSS, COLONY COLLAPSE DISORDER, MEASURED IN COLONIES","LOSS, COLONY COLLAPSE DISORDER",471320
210,TOTAL,COLONIES,"HONEY, BEE COLONIES - LOSS, COLONY COLLAPSE DISORDER, MEASURED IN COLONIES","LOSS, COLONY COLLAPSE DISORDER",471420
320,TOTAL,COLONIES,"HONEY, BEE COLONIES - LOSS, COLONY COLLAPSE DISORDER, MEASURED IN COLONIES","LOSS, COLONY COLLAPSE DISORDER",471319
140,TOTAL,COLONIES,"HONEY, BEE COLONIES - LOSS, COLONY COLLAPSE DISORDER, MEASURED IN COLONIES","LOSS, COLONY COLLAPSE DISORDER",471519
390,TOTAL,COLONIES,"HONEY, BEE COLONIES - LOSS, COLONY COLLAPSE DISORDER, MEASURED IN COLONIES","LOSS, COLONY COLLAPSE DISORDER",471619
4200,TOTAL,COLONIES,"HONEY, BEE COLONIES - LOSS, COLONY COLLAPSE DISORDER, MEASURED IN COLONIES","LOSS, COLONY COLLAPSE DISORDER",481320
4100,TOTAL,COLONIES,"HONEY, BEE COLONIES - LOSS, COLONY COLLAPSE DISORDER, MEASURED IN COLONIES","LOSS, COLONY COLLAPSE DISORDER",481420
600,TOTAL,COLONIES,"HONEY, BEE COLONIES - LOSS, COLONY COLLAPSE DISORDER, MEASURED IN COLONIES","LOSS, COLONY COLLAPSE DISORDER",481319
6500,TOTAL,COLONIES,"HONEY, BEE COLONIES - LOSS, COLONY COLLAPSE DISORDER, MEASURED IN COLONIES","LOSS, COLONY COLLAPSE DISORDER",481519
1300,TOTAL,COLONIES,"HONEY, BEE COLONIES - LOSS, COLONY COLLAPSE DISORDER, MEASURED IN COLONIES","LOSS, COLONY COLLAPSE DISORDER",481619
960,TOTAL,COLONIES,"HONEY, BEE COLONIES - LOSS, COLONY COLLAPSE DISORDER, MEASURED IN COLONIES","LOSS, COLONY COLLAPSE DISORDER",491320
130,TOTAL,COLONIES,"HONEY, BEE COLONIES - LOSS, COLONY COLLAPSE DISORDER, MEASURED IN COLONIES","LOSS, COLONY COLLAPSE DISORDER",491420
3200,TOTAL,COLONIES,"HONEY, BEE COLONIES - LOSS, COLONY COLLAPSE DISORDER, MEASURED IN COLONIES","LOSS, COLONY COLLAPSE DISORDER",491319
950,TOTAL,COLONIES,"HONEY, BEE COLONIES - LOSS, COLONY COLLAPSE DISORDER, MEASURED IN COLONIES","LOSS, COLONY COLLAPSE DISORDER",491519
2000,TOTAL,COLONIES,"HONEY, BEE COLONIES - LOSS, COLONY COLLAPSE DISORDER, MEASURED IN COLONIES","LOSS, COLONY COLLAPSE DISORDER",491619
60,TOTAL,COLONIES,"HONEY, BEE COLONIES - LOSS, COLONY COLLAPSE DISORDER, MEASURED IN COLONIES","LOSS, COLONY COLLAPSE DISORDER",501320
0,TOTAL,COLONIES,"HONEY, BEE COLONIES - LOSS, COLONY COLLAPSE DISORDER, MEASURED IN COLONIES","LOSS, COLONY COLLAPSE DISORDER",501420
40,TOTAL,COLONIES,"HONEY, BEE COLONIES - LOSS, COLONY COLLAPSE DISORDER, MEASURED IN COLONIES","LOSS, COLONY COLLAPSE DISORDER",501319
10,TOTAL,COLONIES,"HONEY, BEE COLONIES - LOSS, COLONY COLLAPSE DISORDER, MEASURED IN COLONIES","LOSS, COLONY COLLAPSE DISORDER",501519
0,TOTAL,COLONIES,"HONEY, BEE COLONIES - LOSS, COLONY COLLAPSE DISORDER, MEASURED IN COLONIES","LOSS, COLONY COLLAPSE DISORDER",501619
370,TOTAL,COLONIES,"HONEY, BEE COLONIES - LOSS, COLONY COLLAPSE DISORDER, MEASURED IN COLONIES","LOSS, COLONY COLLAPSE DISORDER",511320
170,TOTAL,COLONIES,"HONEY, BEE COLONIES - LOSS, COLONY COLLAPSE DISORDER, MEASURED IN COLONIES","LOSS, COLONY COLLAPSE DISORDER",511420
150,TOTAL,COLONIES,"HONEY, BEE COLONIES - LOSS, COLONY COLLAPSE DISORDER, MEASURED IN COLONIES","LOSS, COLONY COLLAPSE DISORDER",511319
80,TOTAL,COLONIES,"HONEY, BEE COLONIES - LOSS, COLONY COLLAPSE DISORDER, MEASURED IN COLONIES","LOSS, COLONY COLLAPSE DISORDER",511519
210,TOTAL,COLONIES,"HONEY, BEE COLONIES - LOSS, COLONY COLLAPSE DISORDER, MEASURED IN COLONIES","LOSS, COLONY COLLAPSE DISORDER",511619
6500,TOTAL,COLONIES,"HONEY, BEE COLONIES - LOSS, COLONY COLLAPSE DISORDER, MEASURED IN COLONIES","LOSS, COLONY COLLAPSE DISORDER",531320
370,TOTAL,COLONIES,"HONEY, BEE COLONIES - LOSS, COLONY COLLAPSE DISORDER, MEASURED IN COLONIES","LOSS, COLONY COLLAPSE DISORDER",531420
5500,TOTAL,COLONIES,"HONEY, BEE COLONIES - LOSS, COLONY COLLAPSE DISORDER, MEASURED IN COLONIES","LOSS, COLONY COLLAPSE DISORDER",531319
4500,TOTAL,COLONIES,"HONEY, BEE COLONIES - LOSS, COLONY COLLAPSE DISORDER, MEASURED IN COLONIES","LOSS, COLONY COLLAPSE DISORDER",531519
7000,TOTAL,COLONIES,"HONEY, BEE COLONIES - LOSS, COLONY COLLAPSE DISORDER, MEASURED IN COLONIES","LOSS, COLONY COLLAPSE DISORDER",531619
200,TOTAL,COLONIES,"HONEY, BEE COLONIES - LOSS, COLONY COLLAPSE DISORDER, MEASURED IN COLONIES","LOSS, COLONY COLLAPSE DISORDER",541320
130,TOTAL,COLONIES,"HONEY, BEE COLONIES - LOSS, COLONY COLLAPSE DISORDER, MEASURED IN COLONIES","LOSS, COLONY COLLAPSE DISORDER",541420
530,TOTAL,COLONIES,"HONEY, BEE COLONIES - LOSS, COLONY COLLAPSE DISORDER, MEASURED IN COLONIES","LOSS, COLONY COLLAPSE DISORDER",541319
290,TOTAL,COLONIES,"HONEY, BEE COLONIES - LOSS, COLONY COLLAPSE DISORDER, MEASURED IN COLONIES","LOSS, COLONY COLLAPSE DISORDER",541519
870,TOTAL,COLONIES,"HONEY, BEE COLONIES - LOSS, COLONY COLLAPSE DISORDER, MEASURED IN COLONIES","LOSS, COLONY COLLAPSE DISORDER",541619
1600,TOTAL,COLONIES,"HONEY, BEE COLONIES - LOSS, COLONY COLLAPSE DISORDER, MEASURED IN COLONIES","LOSS, COLONY COLLAPSE DISORDER",551320
90,TOTAL,COLONIES,"HONEY, BEE COLONIES - LOSS, COLONY COLLAPSE DISORDER, MEASURED IN COLONIES","LOSS, COLONY COLLAPSE DISORDER",551420
800,TOTAL,COLONIES,"HONEY, BEE COLONIES - LOSS, COLONY COLLAPSE DISORDER, MEASURED IN COLONIES","LOSS, COLONY COLLAPSE DISORDER",551319
820,TOTAL,COLONIES,"HONEY, BEE COLONIES - LOSS, COLONY COLLAPSE DISORDER, MEASURED IN COLONIES","LOSS, COLONY COLLAPSE DISORDER",551519
2900,TOTAL,COLONIES,"HONEY, BEE COLONIES - LOSS, COLONY COLLAPSE DISORDER, MEASURED IN COLONIES","LOSS, COLONY COLLAPSE DISORDER",551619
1500,TOTAL,COLONIES,"HONEY, BEE COLONIES - LOSS, COLONY COLLAPSE DISORDER, MEASURED IN COLONIES","LOSS, COLONY COLLAPSE DISORDER",561320
500,TOTAL,COLONIES,"HONEY, BEE COLONIES - LOSS, COLONY COLLAPSE DISORDER, MEASURED IN COLONIES","LOSS, COLONY COLLAPSE DISORDER",561420
980,TOTAL,COLONIES,"HONEY, BEE COLONIES - LOSS, COLONY COLLAPSE DISORDER, MEASURED IN COLONIES","LOSS, COLONY COLLAPSE DISORDER",561319
1100,TOTAL,COLONIES,"HONEY, BEE COLONIES - LOSS, COLONY COLLAPSE DISORDER, MEASURED IN COLONIES","LOSS, COLONY COLLAPSE DISORDER",561519
1500,TOTAL,COLONIES,"HONEY, BEE COLONIES - LOSS, COLONY COLLAPSE DISORDER, MEASURED IN COLONIES","LOSS, COLONY COLLAPSE DISORDER",561619
140,TOTAL,COLONIES,"HONEY, BEE COLONIES - LOSS, COLONY COLLAPSE DISORDER, MEASURED IN COLONIES","LOSS, COLONY COLLAPSE DISORDER",1319
0,TOTAL,COLONIES,"HONEY, BEE COLONIES - LOSS, COLONY COLLAPSE DISORDER, MEASURED IN COLONIES","LOSS, COLONY COLLAPSE DISORDER",1519
0,TOTAL,COLONIES,"HONEY, BEE COLONIES - LOSS, COLONY COLLAPSE DISORDER, MEASURED IN COLONIES","LOSS, COLONY COLLAPSE DISORDER",1619
